urutan,nama,qty_gudang
1,Alat Pembersih Kaca,1
2,Baskom,1
3,Baskom cuci beras,1
4,Botol BBQ,1
5,Botol Kecap,14
6,Botol Keju,1
7,Botol Ori,1
8,Botol Sabun,2
9,Botol Sambal,14
10,Botol Sirup,4
11,Botol Spicy,1
12,Cermin,2
13,Cetakan Nasi,1
14,Charger tab,1
15,Dudukan Tablet,1
16,Ember,2
17,Ember kitchen,1
18,Garpu,13
19,Gelas,43
20,gelas takar sirup,2
21,Gelas ukur 5 liter,1
22,GEMBOK,4
23,Gunting Kitchen,3
24,Hekter,1
25,KERAN AIR,3
26,Lampu Interior,15
27,Lampu teras,10
28,Lap Kaki,1
29,Lap Kitchen Belakang,3
30,Lap Kitchen depan,5
31,MASKER,30
32,Nampan ayam,4
33,Panci Nasi,1
34,Panci Penepungan ayam,2
35,Panci Penggorengan,3
36,Panci Teh,1
37,Pel FL,2
38,Pel Kitchen,1
39,PENGADUK TEPUNG,1
40,Pengukur Suhu,2
41,Peniris Minyak kentang,1
42,Penjepit ayam,3
43,Penyaring Kentang,1
44,Penyaring Minyak,2
45,Penyaring teh,1
46,Piring,53
47,Pisau,2
48,Pulpen,4
49,Rak piring,2
50,Sapu FL,2
51,Sapu Kitchen,1
52,Saringan,3
53,Saringan Tepung,4
54,Saringan tepung kentang,1
55,Sekop Sampah FL,1
56,Semprotan,1
57,Sendok,19
58,Sendok Kayu,2
59,Sendok Nasi,1
60,Sikat WC,1
61,Skop es batu,1
62,Skop Sampah Kitchen,1
63,Spatula,2
64,spatula burger,1
65,Stand Qris,1
66,Standing Selotip,2
67,Takar Nasi,1
68,Talenan buerger,1
69,Tangga anak,1
70,Taplak gelas,1
71,Taplak Geprekan,1
72,Teflon 1,1
73,Teflon 2,1
74,Teflon 3,1
75,Tempat Es,1
76,Tempat Kertas Kentang,1
77,Tempat Lombok Biji stinless,1
78,Tempat Pipet,2
79,Tempat Pulpen,1
80,Tempat Sambal Stainles,4
81,Tempat Sambel Sachet,1
82,Tempat Sampah,2
83,Tempat Sampah FL,2
84,Tempat Sauce Refill,3
85,Tempat sedok/garpu,1
86,Tempat tissu hand towel,3
87,Tempat Tissue,7
88,TERMOMETER MINYAK,1
89,Timba,2
90,Timbangan,2
91,Timbangan 1,1
92,Timbangan 2,1
93,Timer,8
94,TOKEN KEY BCA,1
95,Tusukan struk,1
96,Ulekan,2
